Loan_ID,Gender,Married,Dependents,Education,Self_Employed,ApplicantIncome,CoapplicantIncome,LoanAmount,Loan_Amount_Term,Credit_History,Property_Area,Loan_Status,Assets
LP001002,Male,No,0.0,Graduate,No,485467,0.0,,360.0,1.0,Urban,Y,485467.0
LP001003,Male,Yes,1.0,Graduate,No,380389,125164.0,10624.0,360.0,1.0,Rural,N,505553.0
LP001005,Male,Yes,0.0,Graduate,Yes,249000,0.0,5478.0,360.0,1.0,Urban,Y,249000.0
LP001006,Male,Yes,0.0,Not Graduate,No,214389,195714.0,9960.0,360.0,1.0,Urban,Y,410103.0
LP001008,Male,No,0.0,Graduate,No,498000,0.0,11703.0,360.0,1.0,Urban,Y,498000.0
LP001011,Male,Yes,2.0,Graduate,Yes,449611,348268.0,22161.0,360.0,1.0,Urban,Y,797879.0
LP001013,Male,Yes,0.0,Not Graduate,No,193639,125828.0,7885.0,360.0,1.0,Urban,Y,319467.0
LP001014,Male,Yes,3.0,Graduate,No,251988,207832.0,13114.0,360.0,0.0,Semiurban,N,459820.0
LP001018,Male,Yes,2.0,Graduate,No,332498,126658.0,13944.0,360.0,1.0,Urban,Y,459156.0
LP001020,Male,Yes,1.0,Graduate,No,1065803,910344.0,28967.0,360.0,1.0,Semiurban,N,1976147.0
LP001024,Male,Yes,2.0,Graduate,No,265600,58100.0,5810.0,360.0,1.0,Urban,Y,323700.0
LP001027,Male,Yes,2.0,Graduate,Yes,207500,152720.0,9047.0,360.0,1.0,Urban,Y,360220.0
LP001028,Male,Yes,2.0,Graduate,No,255059,672798.0,16600.0,360.0,1.0,Urban,Y,927857.0
LP001029,Male,No,0.0,Graduate,No,153799,235720.0,9462.0,360.0,1.0,Rural,N,389519.0
LP001030,Male,Yes,2.0,Graduate,No,107817,90138.0,1411.0,120.0,1.0,Urban,Y,197955.0
LP001032,Male,No,0.0,Graduate,No,410850,0.0,10375.0,360.0,1.0,Urban,Y,410850.0
LP001034,Male,No,1.0,Not Graduate,No,298468,0.0,8300.0,240.0,,Urban,Y,298468.0
LP001036,Female,No,0.0,Graduate,No,291330,0.0,6308.0,360.0,0.0,Urban,N,291330.0
LP001038,Male,Yes,0.0,Not Graduate,No,405621,0.0,11039.0,360.0,1.0,Rural,N,405621.0
LP001041,Male,Yes,0.0,Graduate,Yes,215800,290500.0,9545.0,,1.0,Urban,Y,506300.0
LP001043,Male,Yes,0.0,Not Graduate,No,635780,0.0,8632.0,360.0,0.0,Urban,N,635780.0
LP001046,Male,Yes,1.0,Graduate,No,494265,466875.0,26145.0,360.0,1.0,Urban,Y,961140.0
LP001047,Male,Yes,0.0,Not Graduate,No,215800,158613.0,9628.0,360.0,0.0,Semiurban,N,374413.0
LP001052,Male,Yes,1.0,Graduate,Yes,308511,242775.0,12533.0,360.0,,Semiurban,N,551286.0
LP001066,Male,Yes,0.0,Graduate,Yes,793480,0.0,15853.0,360.0,1.0,Semiurban,Y,793480.0
LP001068,Male,Yes,0.0,Graduate,No,232317,186999.0,10126.0,360.0,1.0,Semiurban,Y,419316.0
LP001073,Male,Yes,2.0,Not Graduate,No,350758,86320.0,9130.0,360.0,1.0,Urban,Y,437078.0
LP001086,Male,No,0.0,Not Graduate,No,119686,0.0,2905.0,360.0,1.0,Urban,N,119686.0
LP001087,Female,No,2.0,Graduate,Yes,311250,172889.0,9960.0,360.0,1.0,Semiurban,Y,484139.0
LP001091,Male,Yes,1.0,Graduate,Yes,345778,279627.0,16683.0,360.0,,Urban,N,625405.0
LP001095,Male,No,0.0,Graduate,No,262861,0.0,6142.0,360.0,1.0,Urban,N,262861.0
LP001097,Male,No,1.0,Graduate,Yes,389436,0.0,8798.0,360.0,1.0,Rural,N,389436.0
LP001098,Male,Yes,0.0,Graduate,No,290500,138361.0,9462.0,360.0,1.0,Semiurban,Y,428861.0
LP001100,Male,No,3.0,Graduate,No,1037500,249000.0,26560.0,360.0,1.0,Rural,N,1286500.0
LP001106,Male,Yes,0.0,Graduate,No,188825,171561.0,,360.0,1.0,Urban,Y,360386.0
LP001109,Male,Yes,0.0,Graduate,No,151724,110390.0,8300.0,,0.0,Urban,N,262114.0
LP001112,Female,Yes,0.0,Graduate,No,304361,121097.0,11952.0,360.0,1.0,Semiurban,Y,425458.0
LP001114,Male,No,0.0,Graduate,No,345778,598430.0,15272.0,360.0,1.0,Urban,Y,944208.0
LP001116,Male,No,0.0,Not Graduate,No,311084,138444.0,9130.0,360.0,1.0,Semiurban,Y,449528.0
LP001119,Male,No,0.0,Graduate,No,298800,0.0,6640.0,360.0,1.0,Urban,N,298800.0
LP001120,Male,No,0.0,Graduate,No,149400,100679.0,3901.0,360.0,1.0,Urban,Y,250079.0
LP001123,Male,Yes,0.0,Graduate,No,199200,0.0,6225.0,360.0,,Urban,Y,199200.0
LP001131,Male,Yes,0.0,Graduate,No,327103,193888.0,11122.0,360.0,1.0,Semiurban,Y,520991.0
LP001136,Male,Yes,0.0,Not Graduate,Yes,389685,0.0,7968.0,,1.0,Urban,Y,389685.0
LP001137,Female,No,0.0,Graduate,No,283030,0.0,7304.0,,1.0,Urban,Y,283030.0
LP001138,Male,Yes,1.0,Graduate,No,468867,0.0,3652.0,360.0,1.0,Urban,Y,468867.0
LP001144,Male,Yes,0.0,Graduate,No,483143,0.0,11952.0,360.0,1.0,Urban,Y,483143.0
LP001146,Female,Yes,0.0,Graduate,No,219535,285520.0,9960.0,360.0,0.0,Urban,N,505055.0
LP001151,Female,No,0.0,Graduate,No,332000,188825.0,11952.0,360.0,1.0,Semiurban,Y,520825.0
LP001155,Female,Yes,0.0,Not Graduate,No,160024,136452.0,8300.0,360.0,1.0,Semiurban,Y,296476.0
LP001157,Female,No,0.0,Graduate,No,256138,0.0,9960.0,360.0,1.0,Semiurban,Y,256138.0
LP001164,Female,No,0.0,Graduate,No,351090,0.0,9296.0,360.0,1.0,Semiurban,N,351090.0
LP001179,Male,Yes,2.0,Graduate,No,383128,0.0,11122.0,360.0,1.0,Urban,N,383128.0
LP001186,Female,Yes,1.0,Graduate,Yes,954500,0.0,23738.0,360.0,0.0,Urban,N,954500.0
LP001194,Male,Yes,2.0,Graduate,No,224764,96861.0,8051.0,360.0,1.0,Semiurban,Y,321625.0
LP001195,Male,Yes,0.0,Graduate,No,176956,132053.0,7968.0,360.0,1.0,Semiurban,Y,309009.0
LP001197,Male,Yes,0.0,Graduate,No,279378,182600.0,11205.0,360.0,1.0,Rural,N,461978.0
LP001198,Male,Yes,1.0,Graduate,No,670640,186750.0,14940.0,360.0,1.0,Urban,Y,857390.0
LP001199,Male,Yes,2.0,Not Graduate,No,278631,237297.0,11952.0,360.0,1.0,Urban,Y,515928.0
LP001205,Male,Yes,0.0,Graduate,No,207500,315068.0,9960.0,360.0,1.0,Urban,Y,522568.0
LP001206,Male,Yes,3.0,Graduate,No,251407,0.0,8217.0,360.0,1.0,Urban,Y,251407.0
LP001207,Male,Yes,0.0,Not Graduate,Yes,216547,286267.0,13695.0,180.0,0.0,Rural,N,502814.0
LP001213,Male,Yes,1.0,Graduate,No,410435,0.0,,360.0,0.0,Rural,N,410435.0
LP001222,Female,No,0.0,Graduate,No,345778,0.0,9628.0,360.0,0.0,Semiurban,N,345778.0
LP001225,Male,Yes,0.0,Graduate,No,475258,381385.0,21414.0,360.0,1.0,Semiurban,N,856643.0
LP001228,Male,No,0.0,Not Graduate,No,265600,187082.0,10458.0,180.0,0.0,Urban,N,452682.0
LP001233,Male,Yes,1.0,Graduate,No,892250,0.0,25896.0,360.0,1.0,Urban,Y,892250.0
LP001238,Male,Yes,3.0,Not Graduate,Yes,589300,0.0,10375.0,60.0,1.0,Urban,Y,589300.0
LP001241,Female,No,0.0,Graduate,No,356900,0.0,11288.0,360.0,0.0,Semiurban,N,356900.0
LP001243,Male,Yes,0.0,Graduate,No,266264,254478.0,14276.0,360.0,1.0,Urban,Y,520742.0
LP001245,Male,Yes,2.0,Not Graduate,Yes,155625,155625.0,8051.0,360.0,1.0,Semiurban,Y,311250.0
LP001248,Male,No,0.0,Graduate,No,290500,0.0,6723.0,300.0,1.0,Semiurban,Y,290500.0
LP001250,Male,Yes,3.0,Not Graduate,No,394665,0.0,7885.0,,0.0,Semiurban,N,394665.0
LP001253,Male,Yes,3.0,Graduate,Yes,437078,147242.0,15521.0,360.0,1.0,Semiurban,Y,584320.0
LP001255,Male,No,0.0,Graduate,No,311250,0.0,9379.0,480.0,1.0,Urban,N,311250.0
LP001256,Male,No,0.0,Graduate,No,311250,394250.0,14608.0,360.0,1.0,Urban,N,705500.0
LP001259,Male,Yes,1.0,Graduate,Yes,83000,250826.0,9130.0,360.0,1.0,Urban,N,333826.0
LP001263,Male,Yes,3.0,Graduate,No,262861,332000.0,14940.0,300.0,0.0,Semiurban,N,594861.0
LP001264,Male,Yes,3.0,Not Graduate,Yes,276639,179778.0,10790.0,360.0,,Semiurban,Y,456417.0
LP001265,Female,No,0.0,Graduate,No,319218,0.0,9213.0,360.0,1.0,Semiurban,Y,319218.0
LP001266,Male,Yes,1.0,Graduate,Yes,198785,0.0,,360.0,1.0,Semiurban,Y,198785.0
LP001267,Female,Yes,2.0,Graduate,No,114374,156123.0,13861.0,360.0,1.0,Urban,N,270497.0
LP001273,Male,Yes,0.0,Graduate,No,498000,186750.0,21995.0,360.0,,Semiurban,N,684750.0
LP001275,Male,Yes,1.0,Graduate,No,331004,0.0,4150.0,240.0,1.0,Urban,Y,331004.0
LP001279,Male,No,0.0,Graduate,No,196378,210073.0,11288.0,360.0,1.0,Semiurban,Y,406451.0
LP001280,Male,Yes,2.0,Not Graduate,No,276639,166000.0,8217.0,360.0,,Semiurban,Y,442639.0
LP001282,Male,Yes,0.0,Graduate,No,207500,175794.0,8632.0,360.0,1.0,Semiurban,Y,383294.0
LP001289,Male,No,0.0,Graduate,No,710978,0.0,17430.0,360.0,1.0,Urban,Y,710978.0
LP001310,Male,Yes,0.0,Graduate,No,472685,345861.0,14525.0,360.0,1.0,Semiurban,Y,818546.0
LP001316,Male,Yes,0.0,Graduate,No,245514,240700.0,10873.0,360.0,1.0,Semiurban,Y,486214.0
LP001318,Male,Yes,2.0,Graduate,No,518750,469282.0,15604.0,180.0,1.0,Semiurban,Y,988032.0
LP001319,Male,Yes,2.0,Not Graduate,No,271659,151060.0,6723.0,360.0,1.0,Urban,Y,422719.0
LP001322,Male,No,0.0,Graduate,No,343039,0.0,10126.0,360.0,1.0,Semiurban,Y,343039.0
LP001325,Male,No,0.0,Not Graduate,No,300460,0.0,2075.0,120.0,1.0,Semiurban,Y,300460.0
LP001326,Male,No,0.0,Graduate,Yes,562906,0.0,,360.0,,Urban,N,562906.0
LP001327,Female,Yes,0.0,Graduate,No,206172,191066.0,11371.0,360.0,1.0,Semiurban,Y,397238.0
LP001333,Male,Yes,0.0,Graduate,No,164091,82751.0,4150.0,360.0,1.0,Semiurban,Y,246842.0
LP001334,Male,Yes,0.0,Not Graduate,No,347604,0.0,9545.0,180.0,1.0,Semiurban,Y,347604.0
LP001343,Male,Yes,0.0,Graduate,No,145997,293903.0,10873.0,360.0,1.0,Semiurban,Y,439900.0
LP001345,Male,Yes,2.0,Not Graduate,No,355904,270829.0,11039.0,180.0,1.0,Urban,Y,626733.0
LP001349,Male,No,0.0,Graduate,No,401969,315898.0,12533.0,360.0,1.0,Semiurban,Y,717867.0
LP001350,Male,Yes,,Graduate,No,1132950,0.0,,360.0,1.0,Urban,Y,1132950.0
LP001356,Male,Yes,0.0,Graduate,No,386116,297389.0,,360.0,1.0,Semiurban,Y,683505.0
LP001367,Male,Yes,1.0,Graduate,No,253316,85490.0,8300.0,360.0,1.0,Urban,Y,338806.0
LP001369,Male,Yes,2.0,Graduate,No,947611,93458.0,18675.0,360.0,1.0,Urban,Y,1041069.0
LP001370,Male,No,0.0,Not Graduate,Yes,608639,0.0,9960.0,360.0,1.0,Rural,N,608639.0
LP001379,Male,Yes,2.0,Graduate,No,315400,298800.0,17928.0,360.0,0.0,Urban,N,614200.0
LP001384,Male,Yes,3.0,Not Graduate,No,171893,62582.0,7802.0,480.0,1.0,Semiurban,Y,234475.0
LP001385,Male,No,0.0,Graduate,No,441228,0.0,11288.0,360.0,1.0,Urban,Y,441228.0
LP001387,Female,Yes,0.0,Graduate,Yes,243107,193639.0,11537.0,360.0,1.0,Semiurban,Y,436746.0
LP001391,Male,Yes,0.0,Not Graduate,No,296476,341462.0,12616.0,,0.0,Rural,N,637938.0
LP001392,Female,No,1.0,Graduate,Yes,618433,0.0,,360.0,1.0,Semiurban,Y,618433.0
LP001398,Male,No,0.0,Graduate,Yes,419150,0.0,9794.0,360.0,1.0,Semiurban,Y,419150.0
LP001401,Male,Yes,1.0,Graduate,No,1210389,0.0,15355.0,180.0,1.0,Rural,Y,1210389.0
LP001404,Female,Yes,0.0,Graduate,No,262861,189489.0,12782.0,360.0,1.0,Semiurban,Y,452350.0
LP001405,Male,Yes,1.0,Graduate,No,183762,116034.0,7055.0,360.0,,Urban,Y,299796.0
LP001421,Male,Yes,0.0,Graduate,No,462144,177786.0,14525.0,360.0,1.0,Rural,N,639930.0
LP001422,Female,No,0.0,Graduate,No,863864,0.0,21497.0,360.0,1.0,Urban,Y,863864.0
LP001426,Male,Yes,,Graduate,No,470361,221361.0,14940.0,360.0,1.0,Rural,Y,691722.0
LP001430,Female,No,0.0,Graduate,No,345778,0.0,3652.0,360.0,1.0,Semiurban,Y,345778.0
LP001431,Female,No,0.0,Graduate,No,177371,745340.0,11371.0,360.0,0.0,Semiurban,Y,922711.0
LP001432,Male,Yes,2.0,Graduate,No,245431,0.0,6723.0,360.0,1.0,Semiurban,Y,245431.0
LP001439,Male,Yes,0.0,Not Graduate,No,356900,167162.0,16102.0,360.0,1.0,Rural,Y,524062.0
LP001443,Female,No,0.0,Graduate,No,306436,0.0,7719.0,360.0,,Rural,Y,306436.0
LP001449,Male,No,0.0,Graduate,No,320795,136120.0,,360.0,1.0,Rural,Y,456915.0
LP001451,Male,Yes,1.0,Graduate,Yes,872579,319550.0,13280.0,180.0,0.0,Urban,N,1192129.0
LP001465,Male,Yes,0.0,Graduate,No,504640,213227.0,15106.0,360.0,,Rural,N,717867.0
LP001469,Male,No,0.0,Graduate,Yes,1673778,0.0,53950.0,480.0,,Urban,Y,1673778.0
LP001473,Male,No,0.0,Graduate,No,167162,160107.0,6142.0,360.0,1.0,Urban,Y,327269.0
LP001478,Male,No,0.0,Graduate,No,225594,0.0,5810.0,360.0,1.0,Semiurban,Y,225594.0
LP001482,Male,Yes,0.0,Graduate,Yes,287097,0.0,2075.0,120.0,1.0,Semiurban,Y,287097.0
LP001487,Male,No,0.0,Graduate,No,406285,0.0,8466.0,360.0,1.0,Semiurban,Y,406285.0
LP001488,Male,Yes,3.0,Graduate,No,332000,643250.0,24070.0,360.0,1.0,Semiurban,N,975250.0
LP001489,Female,Yes,0.0,Graduate,No,380389,0.0,6972.0,360.0,1.0,Rural,N,380389.0
LP001491,Male,Yes,2.0,Graduate,Yes,275228,290500.0,7304.0,360.0,1.0,Urban,Y,565728.0
LP001492,Male,No,0.0,Graduate,No,1244917,0.0,20086.0,360.0,0.0,Semiurban,N,1244917.0
LP001493,Male,Yes,2.0,Not Graduate,No,348600,118690.0,10707.0,360.0,1.0,Rural,N,467290.0
LP001497,Male,Yes,2.0,Graduate,No,418486,172889.0,15355.0,360.0,1.0,Rural,N,591375.0
LP001498,Male,No,0.0,Graduate,No,449611,0.0,13944.0,360.0,1.0,Urban,Y,449611.0
LP001504,Male,No,0.0,Graduate,Yes,576850,0.0,14525.0,180.0,1.0,Semiurban,Y,576850.0
LP001507,Male,Yes,0.0,Graduate,No,223934,168822.0,10126.0,360.0,1.0,Semiurban,Y,392756.0
LP001508,Male,Yes,2.0,Graduate,No,975831,0.0,15521.0,180.0,1.0,Urban,Y,975831.0
LP001514,Female,Yes,0.0,Graduate,No,193390,372338.0,8300.0,360.0,1.0,Semiurban,Y,565728.0
LP001516,Female,Yes,2.0,Graduate,No,1233878,0.0,5810.0,360.0,1.0,Urban,Y,1233878.0
LP001518,Male,Yes,1.0,Graduate,No,127654,118275.0,2490.0,360.0,1.0,Urban,Y,245929.0
LP001519,Female,No,0.0,Graduate,No,830000,138278.0,18675.0,360.0,1.0,Rural,N,968278.0
LP001520,Male,Yes,0.0,Graduate,No,403380,68890.0,10375.0,360.0,1.0,Semiurban,Y,472270.0
LP001528,Male,No,0.0,Graduate,No,520991,0.0,9794.0,360.0,0.0,Rural,N,520991.0
LP001529,Male,Yes,0.0,Graduate,Yes,213891,311250.0,12616.0,360.0,1.0,Rural,Y,525141.0
LP001531,Male,No,0.0,Graduate,No,760778,0.0,20252.0,360.0,1.0,Urban,N,760778.0
LP001532,Male,Yes,2.0,Not Graduate,No,189323,0.0,9379.0,360.0,1.0,Rural,N,189323.0
LP001535,Male,No,0.0,Graduate,No,270082,0.0,4150.0,360.0,1.0,Urban,Y,270082.0
LP001536,Male,Yes,3.0,Graduate,No,3319917,0.0,49800.0,180.0,0.0,Semiurban,Y,3319917.0
LP001541,Male,Yes,1.0,Graduate,No,498000,0.0,13280.0,360.0,,Rural,Y,498000.0
LP001543,Male,Yes,1.0,Graduate,No,791654,0.0,15521.0,360.0,1.0,Urban,Y,791654.0
LP001546,Male,No,0.0,Graduate,Yes,247340,172889.0,9960.0,360.0,1.0,Rural,Y,420229.0
LP001552,Male,Yes,0.0,Graduate,No,380389,466875.0,21165.0,360.0,1.0,Semiurban,Y,847264.0
LP001560,Male,Yes,0.0,Not Graduate,No,154629,86403.0,8134.0,360.0,1.0,Semiurban,Y,241032.0
LP001562,Male,Yes,0.0,Graduate,No,658439,0.0,22825.0,360.0,1.0,Urban,N,658439.0
LP001565,Male,Yes,1.0,Graduate,No,256387,106240.0,10043.0,360.0,0.0,Semiurban,N,362627.0
LP001570,Male,Yes,2.0,Graduate,No,345861,120101.0,13114.0,360.0,1.0,Rural,Y,465962.0
LP001572,Male,Yes,0.0,Graduate,No,773809,0.0,6225.0,180.0,1.0,Urban,Y,773809.0
LP001574,Male,Yes,0.0,Graduate,No,307681,262778.0,15106.0,,1.0,Rural,Y,570459.0
LP001577,Female,Yes,0.0,Graduate,No,380389,0.0,9296.0,360.0,1.0,Rural,N,380389.0
LP001578,Male,Yes,0.0,Graduate,No,202437,276639.0,10707.0,360.0,1.0,Rural,Y,479076.0
LP001579,Male,No,0.0,Graduate,No,185671,0.0,5229.0,480.0,0.0,Semiurban,N,185671.0
LP001580,Male,Yes,2.0,Graduate,No,664000,0.0,16600.0,360.0,1.0,Semiurban,Y,664000.0
LP001581,Male,Yes,0.0,Not Graduate,Yes,151060,146827.0,7885.0,360.0,1.0,Rural,Y,297887.0
LP001586,Male,Yes,3.0,Not Graduate,No,292326,0.0,6723.0,180.0,1.0,Rural,N,292326.0
LP001594,Male,Yes,0.0,Graduate,No,473764,466875.0,15521.0,360.0,1.0,Semiurban,Y,940639.0
LP001603,Male,Yes,0.0,Not Graduate,Yes,360552,61088.0,7221.0,360.0,1.0,Semiurban,N,421640.0
LP001606,Male,Yes,0.0,Graduate,No,290251,163012.0,9628.0,360.0,1.0,Rural,Y,453263.0
LP001608,Male,Yes,2.0,Graduate,No,169735,134377.0,8383.0,360.0,1.0,Rural,Y,304112.0
LP001610,Male,Yes,3.0,Graduate,No,457828,937900.0,41085.0,360.0,0.0,Semiurban,N,1395728.0
LP001616,Male,Yes,1.0,Graduate,No,311250,0.0,9628.0,360.0,1.0,Semiurban,Y,311250.0
LP001630,Male,No,0.0,Not Graduate,No,193639,120433.0,8466.0,480.0,0.0,Urban,N,314072.0
LP001633,Male,Yes,1.0,Graduate,No,531200,601750.0,14940.0,360.0,0.0,Urban,N,1132950.0
LP001634,Male,No,0.0,Graduate,No,159028,420229.0,5561.0,360.0,,Rural,N,579257.0
LP001636,Male,Yes,0.0,Graduate,No,381800,0.0,6059.0,180.0,1.0,Semiurban,Y,381800.0
LP001637,Male,Yes,1.0,Graduate,No,2809218,0.0,21580.0,360.0,1.0,Semiurban,N,2809218.0
LP001639,Female,Yes,0.0,Graduate,No,300875,0.0,8964.0,360.0,1.0,Semiurban,Y,300875.0
LP001640,Male,Yes,0.0,Graduate,Yes,3249201,394250.0,9960.0,360.0,1.0,Semiurban,Y,3643451.0
LP001641,Male,Yes,1.0,Graduate,Yes,180774,0.0,5478.0,300.0,0.0,Rural,N,180774.0
LP001643,Male,Yes,0.0,Graduate,No,197789,177454.0,4814.0,360.0,,Rural,Y,375243.0
LP001647,Male,Yes,0.0,Graduate,No,774224,0.0,15604.0,180.0,1.0,Rural,Y,774224.0
LP001653,Male,No,0.0,Not Graduate,No,405455,0.0,3984.0,360.0,1.0,Rural,Y,405455.0
LP001656,Male,No,0.0,Graduate,No,996000,0.0,13612.0,360.0,1.0,Semiurban,N,996000.0
LP001657,Male,Yes,0.0,Not Graduate,No,500739,0.0,13280.0,360.0,1.0,Urban,N,500739.0
LP001658,Male,No,0.0,Graduate,No,320214,0.0,6308.0,360.0,1.0,Semiurban,Y,320214.0
LP001664,Male,No,0.0,Graduate,No,347853,0.0,9960.0,360.0,1.0,Rural,Y,347853.0
LP001665,Male,Yes,1.0,Graduate,No,259375,214389.0,14110.0,360.0,1.0,Semiurban,N,473764.0
LP001666,Male,No,0.0,Graduate,No,691639,311250.0,15521.0,360.0,1.0,Rural,Y,1002889.0
LP001669,Female,No,0.0,Not Graduate,No,158281,196295.0,9960.0,,1.0,Urban,Y,354576.0
LP001671,Female,Yes,0.0,Graduate,No,283528,233728.0,9379.0,360.0,,Semiurban,Y,517256.0
LP001673,Male,No,0.0,Graduate,Yes,913000,0.0,6889.0,360.0,1.0,Urban,N,913000.0
LP001674,Male,Yes,1.0,Not Graduate,No,215800,207500.0,7470.0,360.0,1.0,Semiurban,Y,423300.0
LP001677,Male,No,2.0,Graduate,No,408609,0.0,13778.0,360.0,0.0,Semiurban,Y,408609.0
LP001682,Male,Yes,3.0,Not Graduate,No,331336,0.0,,180.0,1.0,Urban,N,331336.0
LP001688,Male,Yes,1.0,Not Graduate,No,290500,89889.0,11205.0,360.0,1.0,Urban,Y,380389.0
LP001691,Male,Yes,2.0,Not Graduate,No,325111,0.0,10292.0,360.0,1.0,Semiurban,Y,325111.0
LP001692,Female,No,0.0,Not Graduate,No,365864,0.0,9960.0,360.0,1.0,Semiurban,Y,365864.0
LP001693,Female,No,0.0,Graduate,No,269252,0.0,6640.0,360.0,1.0,Urban,Y,269252.0
LP001698,Male,No,0.0,Not Graduate,No,329925,210073.0,4565.0,360.0,1.0,Rural,Y,539998.0
LP001699,Male,No,0.0,Graduate,No,205757,0.0,4897.0,360.0,1.0,Urban,Y,205757.0
LP001702,Male,No,0.0,Graduate,No,283694,0.0,10541.0,360.0,1.0,Semiurban,N,283694.0
LP001708,Female,No,0.0,Graduate,No,830000,0.0,17762.0,360.0,1.0,Semiurban,N,830000.0
LP001711,Male,Yes,3.0,Graduate,No,284690,103750.0,10624.0,360.0,0.0,Semiurban,N,388440.0
LP001713,Male,Yes,1.0,Graduate,Yes,646321,0.0,19920.0,360.0,1.0,Urban,Y,646321.0
LP001715,Male,Yes,3.0,Not Graduate,Yes,473349,0.0,10790.0,360.0,1.0,Rural,Y,473349.0
LP001716,Male,Yes,0.0,Graduate,No,263359,250743.0,11371.0,360.0,1.0,Urban,Y,514102.0
LP001720,Male,Yes,3.0,Not Graduate,No,319550,81589.0,8300.0,360.0,1.0,Semiurban,Y,401139.0
LP001722,Male,Yes,0.0,Graduate,No,12450,149400.0,11205.0,360.0,1.0,Rural,N,161850.0
LP001726,Male,Yes,0.0,Graduate,No,309341,147325.0,10873.0,360.0,1.0,Semiurban,Y,456666.0
LP001732,Male,Yes,2.0,Graduate,Yes,415000,0.0,5976.0,360.0,0.0,Semiurban,N,415000.0
LP001734,Female,Yes,2.0,Graduate,No,355489,197789.0,10541.0,360.0,,Semiurban,Y,553278.0
LP001736,Male,Yes,0.0,Graduate,No,184343,0.0,4980.0,360.0,0.0,Urban,N,184343.0
LP001743,Male,Yes,2.0,Graduate,No,332747,142511.0,9628.0,360.0,1.0,Semiurban,Y,475258.0
LP001744,Male,No,0.0,Graduate,No,246593,231653.0,11952.0,360.0,1.0,Semiurban,Y,478246.0
LP001749,Male,Yes,0.0,Graduate,No,628974,83830.0,14525.0,,1.0,Semiurban,Y,712804.0
LP001750,Male,Yes,0.0,Graduate,No,518750,0.0,10624.0,360.0,1.0,Semiurban,Y,518750.0
LP001751,Male,Yes,0.0,Graduate,No,269750,0.0,14110.0,360.0,1.0,Rural,N,269750.0
LP001754,Male,Yes,,Not Graduate,Yes,393005,0.0,11454.0,360.0,1.0,Urban,N,393005.0
LP001758,Male,Yes,2.0,Graduate,No,518750,140685.0,17430.0,360.0,1.0,Semiurban,Y,659435.0
LP001761,Male,No,0.0,Graduate,Yes,531200,0.0,16600.0,360.0,1.0,Rural,Y,531200.0
LP001765,Male,Yes,1.0,Graduate,No,206753,170482.0,8632.0,360.0,1.0,Semiurban,Y,377235.0
LP001768,Male,Yes,0.0,Graduate,Yes,308428,0.0,3486.0,180.0,1.0,Rural,Y,308428.0
LP001770,Male,No,0.0,Not Graduate,No,264687,215634.0,9960.0,,1.0,Rural,Y,480321.0
LP001776,Female,No,0.0,Graduate,No,691639,0.0,23240.0,360.0,1.0,Semiurban,Y,691639.0
LP001778,Male,Yes,1.0,Graduate,No,261865,147657.0,11620.0,360.0,1.0,Semiurban,Y,409522.0
LP001784,Male,Yes,1.0,Graduate,No,456500,104580.0,14110.0,360.0,1.0,Rural,Y,561080.0
LP001786,Male,Yes,0.0,Graduate,Yes,476918,0.0,21165.0,360.0,,Urban,N,476918.0
LP001788,Female,No,0.0,Graduate,Yes,287429,0.0,10126.0,360.0,,Urban,Y,287429.0
LP001790,Female,No,1.0,Graduate,No,316396,0.0,9296.0,360.0,1.0,Rural,Y,316396.0
LP001792,Male,Yes,1.0,Graduate,No,275145,0.0,7968.0,360.0,1.0,Semiurban,Y,275145.0
LP001798,Male,Yes,2.0,Graduate,No,482977,415000.0,9960.0,360.0,1.0,Rural,Y,897977.0
LP001800,Male,Yes,1.0,Not Graduate,No,208330,164589.0,11620.0,180.0,1.0,Urban,N,372919.0
LP001806,Male,No,0.0,Graduate,No,246095,473183.0,12865.0,60.0,1.0,Urban,Y,719278.0
LP001807,Male,Yes,2.0,Graduate,Yes,518750,107900.0,8964.0,360.0,1.0,Rural,Y,626650.0
LP001811,Male,Yes,0.0,Not Graduate,No,282698,366611.0,10209.0,360.0,1.0,Semiurban,Y,649309.0
LP001813,Male,No,0.0,Graduate,Yes,502150,359639.0,9960.0,180.0,1.0,Urban,N,861789.0
LP001814,Male,Yes,2.0,Graduate,No,805349,0.0,9296.0,360.0,1.0,Urban,Y,805349.0
LP001819,Male,Yes,1.0,Not Graduate,No,548464,0.0,11371.0,180.0,1.0,Urban,Y,548464.0
LP001824,Male,Yes,1.0,Graduate,No,239206,152969.0,10209.0,480.0,1.0,Semiurban,Y,392175.0
LP001825,Male,Yes,0.0,Graduate,No,150147,155044.0,7470.0,360.0,1.0,Urban,Y,305191.0
LP001835,Male,Yes,0.0,Not Graduate,No,138444,322870.0,16683.0,360.0,0.0,Semiurban,N,461314.0
LP001836,Female,No,2.0,Graduate,No,284441,0.0,11454.0,360.0,1.0,Urban,N,284441.0
LP001841,Male,No,0.0,Not Graduate,Yes,214389,179861.0,8632.0,360.0,1.0,Rural,Y,394250.0
LP001843,Male,Yes,1.0,Not Graduate,No,220863,589383.0,23157.0,180.0,1.0,Semiurban,Y,810246.0
LP001844,Male,No,0.0,Graduate,Yes,1348750,0.0,15936.0,360.0,0.0,Urban,N,1348750.0
LP001846,Female,No,3.0,Graduate,No,255889,0.0,21165.0,360.0,1.0,Rural,Y,255889.0
LP001849,Male,No,0.0,Not Graduate,No,501735,0.0,9545.0,360.0,0.0,Rural,N,501735.0
LP001854,Male,Yes,3.0,Graduate,No,435750,0.0,7802.0,360.0,1.0,Urban,N,435750.0
LP001859,Male,Yes,0.0,Graduate,No,1218689,174300.0,25232.0,360.0,1.0,Rural,N,1392989.0
LP001864,Male,Yes,3.0,Not Graduate,No,409273,0.0,10624.0,360.0,,Semiurban,N,409273.0
LP001865,Male,Yes,1.0,Graduate,No,504889,352750.0,27390.0,360.0,,Urban,Y,857639.0
LP001868,Male,No,0.0,Graduate,No,170980,183347.0,11122.0,360.0,1.0,Semiurban,Y,354327.0
LP001870,Female,No,1.0,Graduate,No,288923,0.0,12865.0,36.0,1.0,Semiurban,N,288923.0
LP001871,Female,No,0.0,Graduate,No,597600,0.0,9960.0,360.0,1.0,Rural,Y,597600.0
LP001872,Male,No,0.0,Graduate,Yes,428778,0.0,10624.0,360.0,1.0,Semiurban,Y,428778.0
LP001875,Male,No,0.0,Graduate,No,339885,286101.0,12533.0,360.0,1.0,Rural,Y,625986.0
LP001877,Male,Yes,2.0,Graduate,No,390764,115121.0,12450.0,360.0,1.0,Semiurban,Y,505885.0
LP001882,Male,Yes,3.0,Graduate,No,359639,150313.0,13280.0,360.0,0.0,Urban,Y,509952.0
LP001883,Female,No,0.0,Graduate,Yes,283694,0.0,11205.0,360.0,1.0,Rural,N,283694.0
LP001884,Female,No,1.0,Graduate,No,238708,129480.0,7470.0,360.0,1.0,Urban,Y,368188.0
LP001888,Female,No,0.0,Graduate,No,268671,0.0,2490.0,360.0,1.0,Urban,Y,268671.0
LP001891,Male,Yes,0.0,Graduate,No,925118,0.0,11288.0,360.0,1.0,Urban,Y,925118.0
LP001892,Male,No,0.0,Graduate,No,235139,154131.0,10458.0,360.0,1.0,Rural,Y,389270.0
LP001894,Male,Yes,0.0,Graduate,No,217460,184509.0,12450.0,360.0,1.0,Semiurban,Y,401969.0
LP001896,Male,Yes,2.0,Graduate,No,323700,0.0,7470.0,360.0,1.0,Semiurban,Y,323700.0
LP001900,Male,Yes,1.0,Graduate,No,228250,152886.0,9545.0,360.0,1.0,Semiurban,Y,381136.0
LP001903,Male,Yes,0.0,Graduate,No,331419,271742.0,17181.0,360.0,1.0,Semiurban,Y,603161.0
LP001904,Male,Yes,0.0,Graduate,No,257549,107900.0,6640.0,360.0,1.0,Urban,Y,365449.0
LP001907,Male,Yes,0.0,Graduate,No,1210389,0.0,36188.0,360.0,1.0,Semiurban,Y,1210389.0
LP001908,Female,Yes,0.0,Not Graduate,No,340300,0.0,10292.0,360.0,,Rural,Y,340300.0
LP001910,Male,No,1.0,Not Graduate,Yes,336399,201358.0,13114.0,360.0,0.0,Urban,N,537757.0
LP001914,Male,Yes,0.0,Graduate,No,325941,66400.0,9296.0,360.0,1.0,Semiurban,Y,392341.0
LP001915,Male,Yes,2.0,Graduate,No,190983,81821.39898740001,6474.0,180.0,1.0,Urban,Y,272804.3989874
LP001917,Female,No,0.0,Graduate,No,150313,138278.0,4482.0,360.0,1.0,Urban,Y,288591.0
LP001922,Male,Yes,0.0,Graduate,No,1715361,0.0,,360.0,1.0,Rural,N,1715361.0
LP001924,Male,No,0.0,Graduate,No,262114,253399.0,7387.0,360.0,1.0,Rural,Y,515513.0
LP001925,Female,No,0.0,Graduate,Yes,215800,142511.0,8217.0,300.0,1.0,Semiurban,N,358311.0
LP001926,Male,Yes,0.0,Graduate,No,307432,166000.0,9960.0,360.0,1.0,Rural,Y,473432.0
LP001931,Female,No,0.0,Graduate,No,342292,0.0,9545.0,360.0,1.0,Semiurban,Y,342292.0
LP001935,Male,No,0.0,Graduate,No,789164,0.0,15521.0,360.0,1.0,Rural,Y,789164.0
LP001936,Male,Yes,0.0,Graduate,No,255225,200528.0,11537.0,360.0,1.0,Rural,Y,455753.0
LP001938,Male,Yes,2.0,Graduate,No,365200,0.0,10541.0,360.0,0.0,Semiurban,N,365200.0
LP001940,Male,Yes,2.0,Graduate,No,261699,129480.0,11122.0,360.0,1.0,Urban,Y,391179.0
LP001945,Female,No,,Graduate,No,449611,0.0,11869.0,480.0,0.0,Urban,N,449611.0
LP001947,Male,Yes,0.0,Graduate,No,197789,276722.0,14276.0,360.0,1.0,Semiurban,Y,474511.0
LP001949,Male,Yes,3.0,Graduate,Yes,366528,103750.0,9130.0,360.0,1.0,Urban,Y,470278.0
LP001953,Male,Yes,1.0,Graduate,No,570625,0.0,16600.0,360.0,1.0,Semiurban,Y,570625.0
LP001954,Female,Yes,1.0,Graduate,No,387278,0.0,11205.0,360.0,1.0,Urban,Y,387278.0
LP001955,Female,No,0.0,Graduate,No,415000,210903.0,12533.0,480.0,1.0,Rural,N,625903.0
LP001963,Male,Yes,1.0,Graduate,No,167162,242775.0,9379.0,360.0,1.0,Urban,N,409937.0
LP001964,Male,Yes,0.0,Not Graduate,No,149400,243522.0,7719.0,360.0,0.0,Urban,N,392922.0
LP001972,Male,Yes,,Not Graduate,No,238625,145250.0,8715.0,360.0,1.0,Semiurban,Y,383875.0
LP001974,Female,No,0.0,Graduate,No,415000,0.0,10956.0,360.0,1.0,Rural,Y,415000.0
LP001977,Male,Yes,1.0,Graduate,No,134875,149649.0,7968.0,360.0,1.0,Urban,Y,284524.0
LP001978,Male,No,0.0,Graduate,No,332000,207500.0,11620.0,360.0,1.0,Rural,Y,539500.0
LP001990,Male,No,0.0,Not Graduate,No,166000,0.0,,360.0,1.0,Urban,N,166000.0
LP001993,Female,No,0.0,Graduate,No,312246,138278.0,11205.0,360.0,1.0,Rural,Y,450524.0
LP001994,Female,No,0.0,Graduate,No,199200,154629.0,8632.0,360.0,0.0,Urban,N,353829.0
LP001996,Male,No,0.0,Graduate,No,1679339,0.0,39840.0,360.0,1.0,Rural,N,1679339.0
LP001998,Male,Yes,2.0,Not Graduate,No,636361,0.0,15355.0,360.0,,Rural,Y,636361.0
LP002002,Female,No,0.0,Graduate,No,242111,0.0,6972.0,360.0,1.0,Semiurban,Y,242111.0
LP002004,Male,No,0.0,Not Graduate,No,242941,199615.0,9213.0,360.0,1.0,Semiurban,Y,442556.0
LP002006,Female,No,0.0,Graduate,No,208081,0.0,4648.0,360.0,1.0,Rural,Y,208081.0
LP002008,Male,Yes,2.0,Graduate,Yes,476918,0.0,11952.0,84.0,,Rural,Y,476918.0
LP002031,Male,Yes,1.0,Not Graduate,No,282117,136120.0,9213.0,180.0,1.0,Urban,Y,418237.0
LP002035,Male,Yes,2.0,Graduate,No,308511,0.0,9960.0,360.0,1.0,Semiurban,Y,308511.0
LP002036,Male,Yes,0.0,Graduate,No,170814,177122.0,7304.0,360.0,,Urban,Y,347936.0
LP002043,Female,No,1.0,Graduate,No,293903,0.0,9296.0,360.0,,Semiurban,Y,293903.0
LP002050,Male,Yes,1.0,Graduate,Yes,830000,0.0,12865.0,360.0,1.0,Rural,N,830000.0
LP002051,Male,Yes,0.0,Graduate,No,199200,179861.0,9545.0,360.0,1.0,Semiurban,Y,379061.0
LP002053,Male,Yes,3.0,Graduate,No,360386,15687.0,10292.0,360.0,1.0,Semiurban,Y,376073.0
LP002054,Male,Yes,2.0,Not Graduate,No,298883,131970.0,,360.0,1.0,Rural,Y,430853.0
LP002055,Female,No,0.0,Graduate,No,262778,247755.0,10956.0,360.0,,Rural,Y,510533.0
LP002065,Male,Yes,3.0,Graduate,No,1245000,0.0,24900.0,360.0,1.0,Rural,Y,1245000.0
LP002067,Male,Yes,1.0,Graduate,Yes,719278,413589.0,31208.0,360.0,0.0,Rural,N,1132867.0
LP002068,Male,No,0.0,Graduate,No,408111,0.0,10790.0,360.0,0.0,Rural,Y,408111.0
LP002082,Male,Yes,0.0,Graduate,Yes,482894,179280.0,15272.0,360.0,1.0,Semiurban,Y,662174.0
LP002086,Female,Yes,0.0,Graduate,No,359639,203433.0,9130.0,360.0,1.0,Urban,N,563072.0
LP002087,Female,No,0.0,Graduate,No,207500,0.0,5561.0,360.0,1.0,Urban,Y,207500.0
LP002097,Male,No,1.0,Graduate,No,363872,148819.0,9711.0,360.0,1.0,Urban,Y,512691.0
LP002098,Male,No,0.0,Graduate,No,243605,0.0,8134.0,360.0,1.0,Semiurban,Y,243605.0
LP002100,Male,No,,Graduate,No,235139,0.0,5893.0,360.0,1.0,Urban,Y,235139.0
LP002101,Male,Yes,0.0,Graduate,Yes,5256971,0.0,40670.0,180.0,1.0,Urban,Y,5256971.0
LP002106,Male,Yes,,Graduate,Yes,456749,372670.0,5810.0,,1.0,Semiurban,Y,829419.0
LP002110,Male,Yes,1.0,Graduate,Yes,435750,57104.0,13280.0,360.0,1.0,Rural,Y,492854.0
LP002112,Male,Yes,2.0,Graduate,Yes,207500,381800.0,14608.0,360.0,1.0,Rural,Y,589300.0
LP002113,Female,No,3.0,Not Graduate,No,151890,0.0,,360.0,0.0,Urban,N,151890.0
LP002114,Female,No,0.0,Graduate,No,345280,0.0,5893.0,360.0,1.0,Semiurban,Y,345280.0
LP002115,Male,Yes,3.0,Not Graduate,No,219701,131721.0,14359.0,360.0,1.0,Rural,N,351422.0
LP002116,Female,No,0.0,Graduate,No,197374,0.0,3818.0,360.0,1.0,Rural,N,197374.0
LP002119,Male,Yes,1.0,Not Graduate,No,377982,102007.0,13114.0,360.0,1.0,Urban,Y,479989.0
LP002126,Male,Yes,3.0,Not Graduate,No,263359,0.0,6142.0,360.0,1.0,Semiurban,Y,263359.0
LP002128,Male,Yes,2.0,Graduate,Yes,214389,193390.0,10375.0,360.0,1.0,Rural,Y,407779.0
LP002129,Male,Yes,0.0,Graduate,No,207417,204014.0,13280.0,360.0,1.0,Semiurban,Y,411431.0
LP002130,Male,Yes,,Not Graduate,No,292409,268090.0,12616.0,360.0,0.0,Rural,N,560499.0
LP002131,Male,Yes,2.0,Not Graduate,No,255889,179944.0,10458.0,360.0,1.0,Urban,Y,435833.0
LP002137,Male,Yes,0.0,Graduate,No,525639,380389.0,21497.0,360.0,,Semiurban,Y,906028.0
LP002138,Male,Yes,0.0,Graduate,No,217875,518750.0,15521.0,360.0,1.0,Rural,Y,736625.0
LP002139,Male,Yes,0.0,Graduate,No,753889,0.0,18924.0,360.0,1.0,Semiurban,Y,753889.0
LP002140,Male,No,0.0,Graduate,No,726250,345861.0,25564.0,360.0,1.0,Rural,N,1072111.0
LP002141,Male,Yes,3.0,Graduate,No,221278,172889.0,7885.0,360.0,1.0,Rural,Y,394167.0
LP002142,Female,Yes,0.0,Graduate,Yes,456500,0.0,8715.0,360.0,0.0,Rural,N,456500.0
LP002143,Female,Yes,0.0,Graduate,No,201109,41915.0,10790.0,360.0,1.0,Semiurban,Y,243024.0
LP002144,Female,No,,Graduate,No,316479,0.0,9628.0,180.0,1.0,Urban,Y,316479.0
LP002149,Male,Yes,2.0,Graduate,No,691639,262861.0,13695.0,360.0,1.0,Rural,Y,954500.0
LP002151,Male,Yes,1.0,Graduate,No,321625,0.0,5561.0,360.0,1.0,Urban,N,321625.0
LP002158,Male,Yes,0.0,Not Graduate,No,249000,138278.0,8300.0,480.0,0.0,Urban,N,387278.0
LP002160,Male,Yes,3.0,Graduate,No,428861,262861.0,16600.0,360.0,1.0,Semiurban,Y,691722.0
LP002161,Female,No,1.0,Graduate,No,392009,0.0,6723.0,360.0,1.0,Semiurban,N,392009.0
LP002170,Male,Yes,2.0,Graduate,No,415000,304361.0,19588.0,360.0,1.0,Semiurban,Y,719361.0
LP002175,Male,Yes,0.0,Graduate,No,394250,193639.0,10790.0,360.0,1.0,Urban,Y,587889.0
LP002178,Male,Yes,0.0,Graduate,No,250079,251739.0,7885.0,300.0,,Urban,Y,501818.0
LP002180,Male,No,0.0,Graduate,Yes,566226,0.0,11703.0,360.0,1.0,Rural,Y,566226.0
LP002181,Male,No,0.0,Not Graduate,No,515928,0.0,11039.0,360.0,1.0,Rural,N,515928.0
LP002187,Male,No,0.0,Graduate,No,207500,0.0,7968.0,480.0,1.0,Semiurban,N,207500.0
LP002188,Male,No,0.0,Graduate,No,425292,0.0,10292.0,,0.0,Rural,N,425292.0
LP002190,Male,Yes,1.0,Graduate,No,524975,0.0,14525.0,360.0,1.0,Semiurban,Y,524975.0
LP002191,Male,Yes,0.0,Graduate,No,1637590,437078.0,47310.0,360.0,1.0,Rural,N,2074668.0
LP002194,Female,No,0.0,Graduate,Yes,1307997,0.0,4565.0,360.0,1.0,Semiurban,Y,1307997.0
LP002197,Male,Yes,2.0,Graduate,No,430355,0.0,12865.0,360.0,1.0,Semiurban,Y,430355.0
LP002201,Male,Yes,2.0,Graduate,Yes,773809,653459.0,31540.0,300.0,1.0,Rural,Y,1427268.0
LP002205,Male,No,1.0,Graduate,No,254146,164921.0,9213.0,180.0,0.0,Urban,N,419067.0
LP002209,Female,No,0.0,Graduate,Yes,229412,121097.0,9130.0,360.0,1.0,Urban,Y,350509.0
LP002211,Male,Yes,0.0,Graduate,No,399811,76609.0,9960.0,180.0,1.0,Urban,Y,476420.0
LP002219,Male,Yes,3.0,Graduate,No,726250,414668.0,10790.0,360.0,1.0,Rural,Y,1140918.0
LP002223,Male,Yes,0.0,Graduate,No,357730,0.0,10790.0,360.0,,Semiurban,Y,357730.0
LP002224,Male,No,0.0,Graduate,No,254727,0.0,5893.0,480.0,1.0,Urban,N,254727.0
LP002225,Male,Yes,2.0,Graduate,No,447453,0.0,10790.0,360.0,1.0,Urban,Y,447453.0
LP002226,Male,Yes,0.0,Graduate,Yes,276639,207500.0,10624.0,360.0,1.0,Semiurban,Y,484139.0
LP002229,Male,No,0.0,Graduate,No,493103,351256.0,24568.0,360.0,1.0,Semiurban,Y,844359.0
LP002231,Female,No,0.0,Graduate,No,498000,0.0,12948.0,360.0,1.0,Urban,Y,498000.0
LP002234,Male,No,0.0,Graduate,Yes,594861,0.0,10624.0,360.0,1.0,Urban,Y,594861.0
LP002236,Male,Yes,2.0,Graduate,No,378978,0.0,8300.0,360.0,1.0,Urban,N,378978.0
LP002237,Male,No,1.0,Graduate,Yes,304361,0.0,9379.0,180.0,1.0,Urban,Y,304361.0
LP002239,Male,No,0.0,Not Graduate,No,194718,132800.0,10956.0,360.0,1.0,Semiurban,Y,327518.0
LP002243,Male,Yes,0.0,Not Graduate,No,249830,260288.0,,360.0,0.0,Urban,N,510118.0
LP002244,Male,Yes,0.0,Graduate,No,193639,200611.0,11288.0,360.0,1.0,Urban,Y,394250.0
LP002250,Male,Yes,0.0,Graduate,No,455504,0.0,10375.0,360.0,1.0,Rural,Y,455504.0
LP002255,Male,No,3.0,Graduate,No,760861,0.0,15355.0,360.0,1.0,Rural,Y,760861.0
LP002262,Male,Yes,3.0,Graduate,No,788832,0.0,22825.0,360.0,1.0,Rural,Y,788832.0
LP002263,Male,Yes,0.0,Graduate,No,214389,175545.0,9960.0,360.0,,Urban,Y,389934.0
LP002265,Male,Yes,2.0,Not Graduate,No,165419,134875.0,9379.0,180.0,1.0,Semiurban,Y,300294.0
LP002266,Male,Yes,2.0,Graduate,No,257300,116200.0,9379.0,360.0,1.0,Urban,Y,373500.0
LP002272,Male,Yes,2.0,Graduate,No,271908,40172.0,11205.0,360.0,,Semiurban,Y,312080.0
LP002277,Female,No,0.0,Graduate,No,263940,0.0,5893.0,360.0,0.0,Urban,N,263940.0
LP002281,Male,Yes,0.0,Graduate,No,251739,121097.0,7885.0,360.0,1.0,Urban,Y,372836.0
LP002284,Male,No,0.0,Not Graduate,No,323866,138278.0,9047.0,360.0,1.0,Rural,Y,462144.0
LP002287,Female,No,0.0,Graduate,No,124500,149400.0,8549.0,360.0,0.0,Semiurban,N,273900.0
LP002288,Male,Yes,2.0,Not Graduate,No,239787,0.0,3735.0,180.0,0.0,Urban,N,239787.0
LP002296,Male,No,0.0,Not Graduate,No,228665,0.0,5395.0,300.0,1.0,Rural,N,228665.0
LP002297,Male,No,0.0,Graduate,No,207500,1660000.0,8549.0,360.0,1.0,Semiurban,Y,1867500.0
LP002300,Female,No,0.0,Not Graduate,No,162929,0.0,4399.0,360.0,1.0,Semiurban,Y,162929.0
LP002301,Female,No,0.0,Graduate,Yes,617603,0.0,16102.0,360.0,1.0,Rural,N,617603.0
LP002305,Female,No,0.0,Graduate,No,377401,0.0,9545.0,360.0,1.0,Semiurban,Y,377401.0
LP002308,Male,Yes,0.0,Not Graduate,No,179861,199200.0,9545.0,360.0,1.0,Urban,Y,379061.0
LP002314,Female,No,0.0,Not Graduate,No,183679,0.0,5478.0,360.0,1.0,Rural,Y,183679.0
LP002315,Male,Yes,1.0,Graduate,No,688900,0.0,12616.0,300.0,0.0,Semiurban,N,688900.0
LP002317,Male,Yes,3.0,Graduate,No,6723000,0.0,29880.0,360.0,0.0,Rural,N,6723000.0
LP002318,Female,No,1.0,Not Graduate,Yes,320961,0.0,5146.0,360.0,1.0,Semiurban,N,320961.0
LP002319,Male,Yes,0.0,Graduate,Yes,519248,0.0,13280.0,360.0,,Urban,Y,519248.0
LP002328,Male,Yes,0.0,Not Graduate,No,505968,0.0,18094.0,360.0,0.0,Rural,N,505968.0
LP002332,Male,Yes,0.0,Not Graduate,No,186999,168739.0,9130.0,360.0,1.0,Rural,Y,355738.0
LP002335,Female,Yes,0.0,Not Graduate,No,178367,268671.0,14774.0,360.0,0.0,Semiurban,N,447038.0
LP002337,Female,No,0.0,Graduate,No,248585,0.0,4980.0,360.0,1.0,Urban,Y,248585.0
LP002341,Female,No,1.0,Graduate,No,215800,0.0,13280.0,360.0,1.0,Urban,N,215800.0
LP002342,Male,Yes,2.0,Graduate,Yes,132800,1660000.0,19837.0,360.0,1.0,Urban,N,1792800.0
LP002345,Male,Yes,0.0,Graduate,No,85075,230159.0,9296.0,360.0,1.0,Rural,Y,315234.0
LP002347,Male,Yes,0.0,Graduate,No,269418,117611.0,11454.0,360.0,1.0,Semiurban,Y,387029.0
LP002348,Male,Yes,0.0,Graduate,No,483807,0.0,11454.0,360.0,1.0,Rural,Y,483807.0
LP002357,Female,No,0.0,Not Graduate,No,225760,0.0,6640.0,,0.0,Urban,N,225760.0
LP002361,Male,Yes,0.0,Graduate,No,151060,142677.0,8300.0,360.0,1.0,Urban,Y,293737.0
LP002362,Male,Yes,1.0,Graduate,No,601750,138361.0,9130.0,,0.0,Urban,N,740111.0
LP002364,Male,Yes,0.0,Graduate,No,1235040,0.0,7968.0,360.0,1.0,Semiurban,Y,1235040.0
LP002366,Male,Yes,0.0,Graduate,No,221278,356900.0,10043.0,360.0,1.0,Rural,Y,578178.0
LP002367,Female,No,1.0,Not Graduate,No,382298,0.0,6723.0,360.0,1.0,Rural,N,382298.0
LP002368,Male,Yes,2.0,Graduate,No,492605,0.0,11039.0,360.0,1.0,Semiurban,Y,492605.0
LP002369,Male,Yes,0.0,Graduate,No,242360,1337.9600697199999,7221.0,360.0,1.0,Rural,Y,243697.96006972
LP002370,Male,No,0.0,Not Graduate,No,225511,0.0,4980.0,180.0,1.0,Urban,Y,225511.0
LP002377,Female,No,1.0,Graduate,Yes,715792,0.0,12450.0,360.0,1.0,Semiurban,Y,715792.0
LP002379,Male,No,0.0,Graduate,No,539500,0.0,8715.0,360.0,0.0,Rural,N,539500.0
LP002386,Male,No,0.0,Graduate,Yes,1068708,0.0,33615.0,360.0,1.0,Semiurban,Y,1068708.0
LP002387,Male,Yes,0.0,Graduate,No,201275,194220.0,11869.0,360.0,1.0,Semiurban,Y,395495.0
LP002390,Male,No,0.0,Graduate,No,311250,0.0,8300.0,360.0,1.0,Urban,Y,311250.0
LP002398,Male,No,0.0,Graduate,No,159858,153633.0,4150.0,360.0,1.0,Semiurban,Y,313491.0
LP002401,Male,Yes,0.0,Graduate,No,183679,93375.0,,360.0,1.0,Urban,Y,277054.0
LP002403,Male,No,0.0,Graduate,Yes,864528,0.0,15521.0,360.0,0.0,Urban,N,864528.0
LP002407,Female,Yes,0.0,Not Graduate,Yes,592786,0.0,11454.0,360.0,1.0,Rural,Y,592786.0
LP002408,Male,No,0.0,Graduate,No,303780,420312.0,15521.0,360.0,1.0,Semiurban,Y,724092.0
LP002409,Male,Yes,0.0,Graduate,No,655783,152139.0,14940.0,360.0,1.0,Rural,Y,807922.0
LP002418,Male,No,3.0,Not Graduate,No,390681,165419.0,12284.0,360.0,1.0,Semiurban,Y,556100.0
LP002422,Male,No,1.0,Graduate,No,3130677,0.0,12616.0,360.0,1.0,Semiurban,Y,3130677.0
LP002424,Male,Yes,0.0,Graduate,No,608639,691639.0,14525.0,300.0,,Rural,Y,1300278.0
LP002429,Male,Yes,1.0,Graduate,Yes,287678,100430.0,10790.0,360.0,1.0,Rural,Y,388108.0
LP002434,Male,Yes,2.0,Not Graduate,No,386116,0.0,9130.0,360.0,1.0,Rural,Y,386116.0
LP002435,Male,Yes,0.0,Graduate,Yes,293737,114208.0,4565.0,360.0,1.0,Rural,N,407945.0
LP002443,Male,Yes,2.0,Graduate,No,277220,141930.0,12450.0,360.0,0.0,Rural,N,419150.0
LP002444,Male,No,1.0,Not Graduate,Yes,229827,127986.0,15770.0,360.0,,Semiurban,N,357813.0
LP002446,Male,Yes,2.0,Not Graduate,No,191647,104165.0,10375.0,360.0,0.0,Rural,N,295812.0
LP002447,Male,Yes,2.0,Not Graduate,No,162514,120848.0,4980.0,300.0,,Urban,Y,283362.0
LP002448,Male,Yes,0.0,Graduate,No,327684,143839.0,12367.0,360.0,0.0,Rural,N,471523.0
LP002449,Male,Yes,0.0,Graduate,No,206089,204678.0,7470.0,180.0,0.0,Rural,Y,410767.0
LP002453,Male,No,0.0,Graduate,Yes,588055,0.0,6972.0,360.0,1.0,Semiurban,Y,588055.0
LP002455,Male,Yes,2.0,Graduate,No,320297,0.0,7968.0,360.0,1.0,Semiurban,Y,320297.0
LP002459,Male,Yes,0.0,Graduate,No,356983,0.0,9794.0,360.0,1.0,Urban,Y,356983.0
LP002467,Male,Yes,0.0,Graduate,No,307764,213227.0,14359.0,360.0,1.0,Urban,N,520991.0
LP002472,Male,No,2.0,Graduate,No,361382,0.0,11288.0,360.0,1.0,Rural,Y,361382.0
LP002473,Male,Yes,0.0,Graduate,No,691722,0.0,13280.0,360.0,1.0,Semiurban,N,691722.0
LP002484,Male,Yes,3.0,Graduate,No,642420,0.0,10624.0,180.0,1.0,Urban,Y,642420.0
LP002487,Male,Yes,0.0,Graduate,No,250245,181604.0,12699.0,360.0,1.0,Rural,Y,431849.0
LP002489,Female,No,1.0,Not Graduate,Yes,430853,0.0,10956.0,360.0,1.0,Semiurban,Y,430853.0
LP002493,Male,No,0.0,Graduate,No,345778,0.0,8134.0,360.0,0.0,Semiurban,N,345778.0
LP002494,Male,No,0.0,Graduate,No,498000,0.0,11620.0,360.0,1.0,Rural,Y,498000.0
LP002500,Male,Yes,3.0,Not Graduate,No,244601,138112.0,5810.0,180.0,0.0,Urban,N,382713.0
LP002502,Female,Yes,2.0,Not Graduate,Yes,17430,242111.0,8134.0,360.0,1.0,Semiurban,Y,259541.0
LP002505,Male,Yes,0.0,Graduate,No,359639,203433.0,9130.0,360.0,1.0,Urban,N,563072.0
LP002515,Male,Yes,1.0,Graduate,Yes,286350,172557.0,13446.0,360.0,1.0,Semiurban,Y,458907.0
LP002517,Male,Yes,1.0,Not Graduate,No,220199,124500.0,9379.0,180.0,0.0,Rural,N,344699.0
LP002519,Male,Yes,3.0,Graduate,No,389353,0.0,8300.0,360.0,1.0,Semiurban,Y,389353.0
LP002522,Female,No,0.0,Graduate,Yes,207500,0.0,7719.0,360.0,,Urban,Y,207500.0
LP002524,Male,No,2.0,Graduate,No,459156,385784.0,13446.0,360.0,1.0,Rural,Y,844940.0
LP002527,Male,Yes,2.0,Graduate,Yes,1371575,84162.0,12450.0,360.0,1.0,Rural,Y,1455737.0
LP002529,Male,Yes,2.0,Graduate,No,556100,145250.0,19090.0,300.0,1.0,Semiurban,Y,701350.0
LP002531,Male,Yes,1.0,Graduate,Yes,1383361,186750.0,7138.0,360.0,1.0,Semiurban,Y,1570111.0
LP002533,Male,Yes,2.0,Graduate,No,244601,133049.0,,360.0,1.0,Urban,N,377650.0
LP002534,Female,No,0.0,Not Graduate,No,361050,0.0,12782.0,360.0,1.0,Rural,Y,361050.0
LP002536,Male,Yes,3.0,Not Graduate,No,256885,0.0,9379.0,360.0,1.0,Rural,Y,256885.0
LP002537,Male,Yes,0.0,Graduate,No,172889,261450.0,10624.0,360.0,1.0,Semiurban,Y,434339.0
LP002541,Male,Yes,0.0,Graduate,No,899139,0.0,19422.0,360.0,1.0,Semiurban,Y,899139.0
LP002543,Male,Yes,2.0,Graduate,No,691639,0.0,20418.0,360.0,1.0,Semiurban,Y,691639.0
LP002544,Male,Yes,1.0,Not Graduate,No,162514,202188.0,10873.0,360.0,1.0,Rural,Y,364702.0
LP002545,Male,No,2.0,Graduate,No,294401,0.0,6640.0,360.0,0.0,Rural,N,294401.0
LP002547,Male,Yes,1.0,Graduate,No,1521639,0.0,41500.0,360.0,1.0,Urban,N,1521639.0
LP002555,Male,Yes,2.0,Graduate,Yes,380389,172889.0,13280.0,360.0,1.0,Semiurban,Y,553278.0
LP002556,Male,No,0.0,Graduate,No,202105,0.0,6225.0,360.0,1.0,Urban,N,202105.0
LP002560,Male,No,0.0,Not Graduate,No,224017,231155.0,7968.0,360.0,,Semiurban,Y,455172.0
LP002562,Male,Yes,1.0,Not Graduate,No,442639,93873.0,15438.0,360.0,,Urban,Y,536512.0
LP002571,Male,No,0.0,Not Graduate,No,306353,0.0,9130.0,360.0,1.0,Rural,Y,306353.0
LP002582,Female,No,0.0,Not Graduate,Yes,1432829,0.0,18675.0,360.0,1.0,Semiurban,Y,1432829.0
LP002585,Male,Yes,0.0,Graduate,No,298551,179031.0,9877.0,360.0,0.0,Rural,N,477582.0
LP002586,Female,Yes,1.0,Graduate,No,276058,75779.0,8715.0,84.0,1.0,Semiurban,Y,351837.0
LP002587,Male,Yes,0.0,Not Graduate,No,215800,141100.0,8881.0,360.0,1.0,Rural,Y,356900.0
LP002588,Male,Yes,0.0,Graduate,No,383875,237131.0,9213.0,12.0,,Urban,Y,621006.0
LP002600,Male,Yes,1.0,Graduate,Yes,240285,0.0,7885.0,360.0,1.0,Semiurban,Y,240285.0
LP002602,Male,No,0.0,Graduate,No,521489,366528.0,17347.0,360.0,0.0,Rural,N,888017.0
LP002603,Female,No,0.0,Graduate,No,53535,305689.0,9379.0,480.0,1.0,Rural,Y,359224.0
LP002606,Female,No,0.0,Graduate,No,262197,0.0,8300.0,360.0,1.0,Semiurban,Y,262197.0
LP002615,Male,Yes,2.0,Graduate,No,403795,466792.0,17264.0,360.0,1.0,Semiurban,Y,870587.0
LP002618,Male,Yes,1.0,Not Graduate,No,336150,440066.0,11454.0,360.0,,Rural,N,776216.0
LP002619,Male,Yes,0.0,Not Graduate,No,316562,123089.0,10292.0,300.0,1.0,Semiurban,Y,439651.0
LP002622,Male,Yes,2.0,Graduate,No,291330,366528.0,20169.0,360.0,1.0,Rural,Y,657858.0
LP002624,Male,Yes,0.0,Graduate,No,1729139,553361.0,39840.0,360.0,,Urban,Y,2282500.0
LP002626,Male,Yes,0.0,Graduate,Yes,205757,250079.0,15604.0,360.0,1.0,Urban,Y,455836.0
LP002634,Female,No,1.0,Graduate,No,1100746,0.0,3320.0,360.0,1.0,Urban,Y,1100746.0
LP002637,Male,No,0.0,Not Graduate,No,298634,106821.0,8300.0,360.0,1.0,Rural,N,405455.0
LP002640,Male,Yes,1.0,Graduate,No,503395,166332.0,20750.0,360.0,1.0,Semiurban,Y,669727.0
LP002643,Male,Yes,2.0,Graduate,No,272489,168905.0,12284.0,360.0,1.0,Urban,Y,441394.0
LP002648,Male,Yes,0.0,Graduate,No,176790,553278.0,5810.0,180.0,1.0,Semiurban,N,730068.0
LP002652,Male,No,0.0,Graduate,No,482645,304278.0,25813.0,360.0,1.0,Rural,N,786923.0
LP002659,Male,Yes,3.0,Graduate,No,287678,284524.0,12450.0,360.0,1.0,Rural,Y,572202.0
LP002670,Female,Yes,2.0,Graduate,No,168573,135456.0,9379.0,480.0,1.0,Semiurban,Y,304029.0
LP002682,Male,Yes,,Not Graduate,No,255142,149400.0,10209.0,360.0,0.0,Semiurban,N,404542.0
LP002683,Male,No,0.0,Graduate,No,388689,158945.0,15355.0,360.0,1.0,Semiurban,N,547634.0
LP002684,Female,No,0.0,Not Graduate,No,282200,0.0,7885.0,360.0,1.0,Rural,N,282200.0
LP002689,Male,Yes,2.0,Not Graduate,No,181936,144586.0,3735.0,360.0,1.0,Semiurban,Y,326522.0
LP002690,Male,No,0.0,Graduate,No,207500,0.0,4565.0,360.0,1.0,Semiurban,Y,207500.0
LP002692,Male,Yes,3.0,Graduate,Yes,471191,118192.0,8300.0,360.0,1.0,Rural,Y,589383.0
LP002693,Male,Yes,2.0,Graduate,Yes,659684,594778.0,39840.0,360.0,1.0,Rural,Y,1254462.0
LP002697,Male,No,0.0,Graduate,No,388440,173221.0,,360.0,1.0,Semiurban,N,561661.0
LP002699,Male,Yes,2.0,Graduate,Yes,1452500,0.0,33200.0,360.0,1.0,Rural,Y,1452500.0
LP002705,Male,Yes,0.0,Graduate,No,313325,0.0,9130.0,360.0,1.0,Semiurban,Y,313325.0
LP002706,Male,Yes,1.0,Not Graduate,No,438655,118690.0,13363.0,360.0,0.0,Semiurban,Y,557345.0
LP002714,Male,No,1.0,Not Graduate,No,222357,108066.0,7802.0,360.0,1.0,Semiurban,Y,330423.0
LP002716,Male,No,0.0,Not Graduate,No,562989,0.0,10790.0,360.0,1.0,Semiurban,Y,562989.0
LP002717,Male,Yes,0.0,Graduate,No,85075,456500.0,17928.0,360.0,,Rural,Y,541575.0
LP002720,Male,Yes,3.0,Graduate,No,355323,0.0,8300.0,360.0,1.0,Urban,Y,355323.0
LP002723,Male,No,2.0,Graduate,No,297804,0.0,9130.0,360.0,0.0,Rural,N,297804.0
LP002729,Male,No,1.0,Graduate,No,933750,0.0,16268.0,360.0,,Semiurban,N,933750.0
LP002731,Female,No,0.0,Not Graduate,Yes,1507695,0.0,10375.0,360.0,1.0,Urban,Y,1507695.0
LP002732,Male,No,0.0,Not Graduate,Yes,211650,169486.0,10458.0,360.0,1.0,Rural,Y,381136.0
LP002734,Male,Yes,0.0,Graduate,No,509039,324198.0,26892.0,360.0,1.0,Urban,Y,833237.0
LP002738,Male,No,2.0,Graduate,No,300211,0.0,8881.0,360.0,1.0,Semiurban,Y,300211.0
LP002739,Male,Yes,0.0,Not Graduate,No,242111,44488.0,5478.0,360.0,1.0,Rural,N,286599.0
LP002740,Male,Yes,3.0,Graduate,No,532611,0.0,13031.0,180.0,1.0,Rural,Y,532611.0
LP002741,Female,Yes,1.0,Graduate,No,382464,236135.0,11620.0,180.0,1.0,Semiurban,Y,618599.0
LP002743,Female,No,0.0,Graduate,No,177454,0.0,8217.0,360.0,0.0,Semiurban,N,177454.0
LP002753,Female,No,1.0,Graduate,Yes,303116,0.0,7885.0,360.0,1.0,Semiurban,Y,303116.0
LP002755,Male,Yes,1.0,Not Graduate,No,185837,209492.0,10624.0,360.0,1.0,Urban,Y,395329.0
LP002757,Female,Yes,0.0,Not Graduate,No,250411,55029.0,8466.0,360.0,,Semiurban,Y,305440.0
LP002767,Male,Yes,0.0,Graduate,No,229744,161850.0,12865.0,360.0,1.0,Rural,Y,391594.0
LP002768,Male,No,0.0,Not Graduate,No,278714,0.0,6640.0,36.0,1.0,Semiurban,N,278714.0
LP002772,Male,No,0.0,Graduate,No,209658,147989.0,12035.0,360.0,1.0,Rural,Y,357647.0
LP002776,Female,No,0.0,Graduate,No,415000,0.0,8549.0,360.0,0.0,Semiurban,N,415000.0
LP002777,Male,Yes,0.0,Graduate,No,231155,167328.0,9130.0,360.0,1.0,Rural,Y,398483.0
LP002778,Male,Yes,2.0,Graduate,Yes,550539,0.0,,360.0,0.0,Rural,N,550539.0
LP002784,Male,Yes,1.0,Not Graduate,No,206836,197125.0,,360.0,1.0,Rural,Y,403961.0
LP002785,Male,Yes,1.0,Graduate,No,276639,269750.0,13114.0,360.0,1.0,Urban,Y,546389.0
LP002788,Male,Yes,0.0,Not Graduate,No,203682,193639.0,15023.0,360.0,0.0,Urban,N,397321.0
LP002789,Male,Yes,0.0,Graduate,No,298219,354078.0,10956.0,180.0,0.0,Rural,N,652297.0
LP002792,Male,Yes,1.0,Graduate,No,453844,85656.0,2158.0,360.0,1.0,Semiurban,Y,539500.0
LP002794,Female,No,0.0,Graduate,No,221361,134875.0,6972.0,360.0,,Urban,Y,356236.0
LP002795,Male,Yes,3.0,Graduate,Yes,841537,0.0,21580.0,360.0,1.0,Semiurban,Y,841537.0
LP002798,Male,Yes,0.0,Graduate,No,322621,221527.0,13446.0,360.0,1.0,Semiurban,Y,544148.0
LP002804,Female,Yes,0.0,Graduate,No,346940,191398.0,15106.0,360.0,1.0,Semiurban,Y,538338.0
LP002807,Male,Yes,2.0,Not Graduate,No,305025,20086.0,8964.0,360.0,1.0,Semiurban,Y,325111.0
LP002813,Female,Yes,1.0,Graduate,Yes,1617172,0.0,49800.0,360.0,1.0,Semiurban,Y,1617172.0
LP002820,Male,Yes,0.0,Graduate,No,491609,170482.0,17513.0,360.0,1.0,Rural,Y,662091.0
LP002821,Male,No,0.0,Not Graduate,Yes,481400,0.0,10956.0,360.0,1.0,Semiurban,Y,481400.0
LP002832,Male,Yes,2.0,Graduate,No,730317,0.0,21414.0,360.0,0.0,Urban,N,730317.0
LP002833,Male,Yes,0.0,Not Graduate,No,370761,0.0,9960.0,360.0,,Rural,Y,370761.0
LP002836,Male,No,0.0,Graduate,No,276639,0.0,5810.0,360.0,1.0,Urban,Y,276639.0
LP002837,Male,Yes,3.0,Graduate,No,282200,207500.0,10209.0,360.0,0.0,Rural,N,489700.0
LP002840,Female,No,0.0,Graduate,No,197374,0.0,747.0,360.0,1.0,Urban,N,197374.0
LP002841,Male,Yes,0.0,Graduate,No,262778,171312.0,8632.0,360.0,0.0,Urban,N,434090.0
LP002842,Male,Yes,1.0,Graduate,No,283611,145250.0,15438.0,360.0,1.0,Urban,Y,428861.0
LP002847,Male,Yes,,Graduate,No,424628,120433.0,13695.0,360.0,0.0,Urban,N,545061.0
LP002855,Male,Yes,2.0,Graduate,No,1383278,0.0,22825.0,360.0,1.0,Urban,Y,1383278.0
LP002862,Male,Yes,2.0,Not Graduate,No,508375,134875.0,15521.0,480.0,1.0,Semiurban,N,643250.0
LP002863,Male,Yes,3.0,Graduate,No,531698,0.0,12450.0,360.0,1.0,Semiurban,N,531698.0
LP002868,Male,Yes,2.0,Graduate,No,262197,38263.0,8964.0,84.0,1.0,Urban,Y,300460.0
LP002874,Male,No,0.0,Graduate,No,268007,227337.0,9130.0,360.0,1.0,Urban,Y,495344.0
LP002877,Male,Yes,1.0,Graduate,No,147906,185256.0,8881.0,360.0,1.0,Rural,Y,333162.0
LP002888,Male,No,0.0,Graduate,Yes,264106,242111.0,13363.0,360.0,1.0,Urban,Y,506217.0
LP002892,Male,Yes,2.0,Graduate,No,542820,0.0,17015.0,360.0,1.0,Semiurban,Y,542820.0
LP002893,Male,No,0.0,Graduate,No,152388,2808471.0,7470.0,360.0,1.0,Urban,N,2960859.0
LP002894,Female,Yes,0.0,Graduate,No,262778,0.0,2988.0,360.0,1.0,Semiurban,Y,262778.0
LP002898,Male,Yes,1.0,Graduate,No,156040,0.0,5063.0,360.0,,Rural,N,156040.0
LP002911,Male,Yes,1.0,Graduate,No,231321,159111.0,12118.0,360.0,0.0,Rural,N,390432.0
LP002912,Male,Yes,1.0,Graduate,No,355489,249000.0,14276.0,84.0,1.0,Rural,N,604489.0
LP002916,Male,Yes,0.0,Graduate,No,190651,126326.0,8632.0,360.0,1.0,Urban,Y,316977.0
LP002917,Female,No,0.0,Not Graduate,No,179695,0.0,5810.0,360.0,1.0,Semiurban,Y,179695.0
LP002926,Male,Yes,2.0,Graduate,Yes,226258,0.0,8798.0,360.0,0.0,Semiurban,N,226258.0
LP002928,Male,Yes,0.0,Graduate,No,249000,283528.0,4648.0,180.0,1.0,Semiurban,Y,532528.0
LP002931,Male,Yes,2.0,Graduate,Yes,498000,0.0,17015.0,240.0,1.0,Semiurban,N,498000.0
LP002936,Male,Yes,0.0,Graduate,No,320297,273900.0,11786.0,180.0,1.0,Rural,Y,594197.0
LP002938,Male,Yes,0.0,Graduate,Yes,1337960,0.0,21580.0,360.0,1.0,Urban,Y,1337960.0
LP002940,Male,No,0.0,Not Graduate,No,318139,0.0,9130.0,360.0,1.0,Rural,Y,318139.0
LP002941,Male,Yes,2.0,Not Graduate,Yes,529789,83000.0,15521.0,360.0,1.0,Rural,N,612789.0
LP002943,Male,No,,Graduate,No,247921,0.0,7304.0,360.0,0.0,Semiurban,N,247921.0
LP002945,Male,Yes,0.0,Graduate,Yes,826929,0.0,14940.0,360.0,1.0,Rural,Y,826929.0
LP002948,Male,Yes,2.0,Graduate,No,479740,0.0,15936.0,360.0,1.0,Urban,Y,479740.0
LP002949,Female,No,3.0,Graduate,Yes,34528,3458361.0,29050.0,180.0,,Urban,N,3492889.0
LP002950,Male,Yes,0.0,Not Graduate,Yes,240202,231736.0,12865.0,360.0,1.0,Rural,Y,471938.0
LP002953,Male,Yes,3.0,Graduate,No,473349,0.0,10624.0,360.0,1.0,Urban,Y,473349.0
LP002958,Male,No,0.0,Graduate,No,305108,356983.0,14276.0,360.0,1.0,Rural,Y,662091.0
LP002959,Female,Yes,1.0,Graduate,No,996000,0.0,41168.0,360.0,1.0,Semiurban,Y,996000.0
LP002960,Male,Yes,0.0,Not Graduate,No,199200,315400.0,,180.0,1.0,Urban,N,514600.0
LP002961,Male,Yes,1.0,Graduate,No,282200,207500.0,14359.0,360.0,1.0,Semiurban,Y,489700.0
LP002964,Male,Yes,2.0,Not Graduate,No,330921,117113.0,13031.0,360.0,1.0,Rural,Y,448034.0
LP002974,Male,Yes,0.0,Graduate,No,268256,161850.0,8964.0,360.0,1.0,Rural,Y,430106.0
LP002978,Female,No,0.0,Graduate,No,240700,0.0,5893.0,360.0,1.0,Rural,Y,240700.0
LP002979,Male,Yes,3.0,Graduate,No,340798,0.0,3320.0,180.0,1.0,Rural,Y,340798.0
LP002983,Male,Yes,1.0,Graduate,No,669976,19920.0,20999.0,360.0,1.0,Urban,Y,689896.0
LP002984,Male,Yes,2.0,Graduate,No,629389,0.0,15521.0,360.0,1.0,Urban,Y,629389.0
LP002990,Female,No,0.0,Graduate,Yes,380389,0.0,11039.0,360.0,0.0,Semiurban,N,380389.0
